WKT,Name,Description
"POINT (127.0393755 37.5011872)",Point 2,
"POINT (127.0393876 37.5011739)",Point 3,
"POINT (127.0393949 37.5011595)",Point 4,
"POINT (127.0393768 37.5011548)",Point 5,
